<?xml version="1.0" encoding="UTF-8" standalone="no"?><configurationDescriptor version="65">
  <logicalFolder displayName="root" name="root" projectFiles="true">
    <logicalFolder displayName="Header Files" name="HeaderFiles" projectFiles="true">
      <logicalFolder displayName="config" name="config" projectFiles="true">
        <logicalFolder displayName="default" name="default" projectFiles="true">
          <logicalFolder displayName="peripheral" name="peripheral" projectFiles="true">
            <logicalFolder displayName="adc" name="adc" projectFiles="true">
              <itemPath>../src/config/default/peripheral/adc/plib_adc.h</itemPath>
              <itemPath>../src/config/default/peripheral/adc/plib_adc_common.h</itemPath>
            </logicalFolder>
            <logicalFolder displayName="clock" name="clock" projectFiles="true">
              <itemPath>../src/config/default/peripheral/clock/plib_clock.h</itemPath>
            </logicalFolder>
            <logicalFolder displayName="evsys" name="evsys" projectFiles="true">
              <itemPath>../src/config/default/peripheral/evsys/plib_evsys.h</itemPath>
            </logicalFolder>
            <logicalFolder displayName="nvic" name="nvic" projectFiles="true">
              <itemPath>../src/config/default/peripheral/nvic/plib_nvic.h</itemPath>
            </logicalFolder>
            <logicalFolder displayName="nvmctrl" name="nvmctrl" projectFiles="true">
              <itemPath>../src/config/default/peripheral/nvmctrl/plib_nvmctrl.h</itemPath>
            </logicalFolder>
            <logicalFolder displayName="port" name="port" projectFiles="true">
              <itemPath>../src/config/default/peripheral/port/plib_port.h</itemPath>
            </logicalFolder>
            <logicalFolder displayName="sercom" name="sercom" projectFiles="true">
              <logicalFolder displayName="usart" name="usart" projectFiles="true">
                <itemPath>../src/config/default/peripheral/sercom/usart/plib_sercom_usart_common.h</itemPath>
                <itemPath>../src/config/default/peripheral/sercom/usart/plib_sercom5_usart.h</itemPath>
              </logicalFolder>
            </logicalFolder>
            <logicalFolder displayName="tc" name="tc" projectFiles="true">
              <itemPath>../src/config/default/peripheral/tc/plib_tc4.h</itemPath>
              <itemPath>../src/config/default/peripheral/tc/plib_tc3.h</itemPath>
              <itemPath>../src/config/default/peripheral/tc/plib_tc_common.h</itemPath>
            </logicalFolder>
            <logicalFolder displayName="tcc" name="tcc" projectFiles="true">
              <itemPath>../src/config/default/peripheral/tcc/plib_tcc0.h</itemPath>
              <itemPath>../src/config/default/peripheral/tcc/plib_tcc_common.h</itemPath>
            </logicalFolder>
          </logicalFolder>
          <itemPath>../src/config/default/device_vectors.h</itemPath>
          <itemPath>../src/config/default/device_cache.h</itemPath>
          <itemPath>../src/config/default/device.h</itemPath>
          <itemPath>../src/config/default/definitions.h</itemPath>
          <itemPath>../src/config/default/toolchain_specifics.h</itemPath>
          <itemPath>../src/config/default/interrupts.h</itemPath>
        </logicalFolder>
      </logicalFolder>
      <logicalFolder displayName="packs" name="packs" projectFiles="true">
        <logicalFolder displayName="ATSAMD21G17D_DFP" name="ATSAMD21G17D_DFP" projectFiles="true">
          <logicalFolder displayName="component" name="component" projectFiles="true">
            <itemPath>../src/packs/ATSAMD21G17D_DFP/component/sysctrl.h</itemPath>
            <itemPath>../src/packs/ATSAMD21G17D_DFP/component/port.h</itemPath>
            <itemPath>../src/packs/ATSAMD21G17D_DFP/component/dmac.h</itemPath>
            <itemPath>../src/packs/ATSAMD21G17D_DFP/component/adc.h</itemPath>
            <itemPath>../src/packs/ATSAMD21G17D_DFP/component/nvmctrl.h</itemPath>
            <itemPath>../src/packs/ATSAMD21G17D_DFP/component/dac.h</itemPath>
            <itemPath>../src/packs/ATSAMD21G17D_DFP/component/hmatrixb.h</itemPath>
            <itemPath>../src/packs/ATSAMD21G17D_DFP/component/i2s.h</itemPath>
            <itemPath>../src/packs/ATSAMD21G17D_DFP/component/gclk.h</itemPath>
            <itemPath>../src/packs/ATSAMD21G17D_DFP/component/dsu.h</itemPath>
            <itemPath>../src/packs/ATSAMD21G17D_DFP/component/pm.h</itemPath>
            <itemPath>../src/packs/ATSAMD21G17D_DFP/component/ac.h</itemPath>
            <itemPath>../src/packs/ATSAMD21G17D_DFP/component/fuses.h</itemPath>
            <itemPath>../src/packs/ATSAMD21G17D_DFP/component/tc.h</itemPath>
            <itemPath>../src/packs/ATSAMD21G17D_DFP/component/evsys.h</itemPath>
            <itemPath>../src/packs/ATSAMD21G17D_DFP/component/rtc.h</itemPath>
            <itemPath>../src/packs/ATSAMD21G17D_DFP/component/mtb.h</itemPath>
            <itemPath>../src/packs/ATSAMD21G17D_DFP/component/wdt.h</itemPath>
            <itemPath>../src/packs/ATSAMD21G17D_DFP/component/usb.h</itemPath>
            <itemPath>../src/packs/ATSAMD21G17D_DFP/component/eic.h</itemPath>
            <itemPath>../src/packs/ATSAMD21G17D_DFP/component/sercom.h</itemPath>
            <itemPath>../src/packs/ATSAMD21G17D_DFP/component/tcc.h</itemPath>
            <itemPath>../src/packs/ATSAMD21G17D_DFP/component/ptc.h</itemPath>
            <itemPath>../src/packs/ATSAMD21G17D_DFP/component/pac.h</itemPath>
          </logicalFolder>
          <logicalFolder displayName="instance" name="instance" projectFiles="true">
            <itemPath>../src/packs/ATSAMD21G17D_DFP/instance/fuses.h</itemPath>
            <itemPath>../src/packs/ATSAMD21G17D_DFP/instance/sysctrl.h</itemPath>
            <itemPath>../src/packs/ATSAMD21G17D_DFP/instance/port.h</itemPath>
            <itemPath>../src/packs/ATSAMD21G17D_DFP/instance/tcc2.h</itemPath>
            <itemPath>../src/packs/ATSAMD21G17D_DFP/instance/tc3.h</itemPath>
            <itemPath>../src/packs/ATSAMD21G17D_DFP/instance/sercom2.h</itemPath>
            <itemPath>../src/packs/ATSAMD21G17D_DFP/instance/tc7.h</itemPath>
            <itemPath>../src/packs/ATSAMD21G17D_DFP/instance/wdt.h</itemPath>
            <itemPath>../src/packs/ATSAMD21G17D_DFP/instance/dmac.h</itemPath>
            <itemPath>../src/packs/ATSAMD21G17D_DFP/instance/pac0.h</itemPath>
            <itemPath>../src/packs/ATSAMD21G17D_DFP/instance/tcc3.h</itemPath>
            <itemPath>../src/packs/ATSAMD21G17D_DFP/instance/ptc.h</itemPath>
            <itemPath>../src/packs/ATSAMD21G17D_DFP/instance/sercom3.h</itemPath>
            <itemPath>../src/packs/ATSAMD21G17D_DFP/instance/ac.h</itemPath>
            <itemPath>../src/packs/ATSAMD21G17D_DFP/instance/tc6.h</itemPath>
            <itemPath>../src/packs/ATSAMD21G17D_DFP/instance/rtc.h</itemPath>
            <itemPath>../src/packs/ATSAMD21G17D_DFP/instance/pac1.h</itemPath>
            <itemPath>../src/packs/ATSAMD21G17D_DFP/instance/tcc0.h</itemPath>
            <itemPath>../src/packs/ATSAMD21G17D_DFP/instance/sbmatrix.h</itemPath>
            <itemPath>../src/packs/ATSAMD21G17D_DFP/instance/sercom0.h</itemPath>
            <itemPath>../src/packs/ATSAMD21G17D_DFP/instance/sercom4.h</itemPath>
            <itemPath>../src/packs/ATSAMD21G17D_DFP/instance/dac.h</itemPath>
            <itemPath>../src/packs/ATSAMD21G17D_DFP/instance/tc5.h</itemPath>
            <itemPath>../src/packs/ATSAMD21G17D_DFP/instance/pm.h</itemPath>
            <itemPath>../src/packs/ATSAMD21G17D_DFP/instance/gclk.h</itemPath>
            <itemPath>../src/packs/ATSAMD21G17D_DFP/instance/pac2.h</itemPath>
            <itemPath>../src/packs/ATSAMD21G17D_DFP/instance/tcc1.h</itemPath>
            <itemPath>../src/packs/ATSAMD21G17D_DFP/instance/eic.h</itemPath>
            <itemPath>../src/packs/ATSAMD21G17D_DFP/instance/nvmctrl.h</itemPath>
            <itemPath>../src/packs/ATSAMD21G17D_DFP/instance/sercom1.h</itemPath>
            <itemPath>../src/packs/ATSAMD21G17D_DFP/instance/tc4.h</itemPath>
            <itemPath>../src/packs/ATSAMD21G17D_DFP/instance/sercom5.h</itemPath>
            <itemPath>../src/packs/ATSAMD21G17D_DFP/instance/adc.h</itemPath>
            <itemPath>../src/packs/ATSAMD21G17D_DFP/instance/usb.h</itemPath>
            <itemPath>../src/packs/ATSAMD21G17D_DFP/instance/dsu.h</itemPath>
            <itemPath>../src/packs/ATSAMD21G17D_DFP/instance/i2s.h</itemPath>
            <itemPath>../src/packs/ATSAMD21G17D_DFP/instance/evsys.h</itemPath>
            <itemPath>../src/packs/ATSAMD21G17D_DFP/instance/mtb.h</itemPath>
          </logicalFolder>
          <logicalFolder displayName="pio" name="pio" projectFiles="true">
            <itemPath>../src/packs/ATSAMD21G17D_DFP/pio/samd21g17d.h</itemPath>
          </logicalFolder>
          <itemPath>../src/packs/ATSAMD21G17D_DFP/samd21g17d.h</itemPath>
        </logicalFolder>
        <logicalFolder displayName="CMSIS" name="CMSIS" projectFiles="true">
          <logicalFolder displayName="CMSIS" name="CMSIS" projectFiles="true">
            <logicalFolder displayName="Core" name="Core" projectFiles="true">
              <logicalFolder displayName="Include" name="Include" projectFiles="true">
                <itemPath>../src/packs/CMSIS/CMSIS/Core/Include/cmsis_gcc.h</itemPath>
                <itemPath>../src/packs/CMSIS/CMSIS/Core/Include/cmsis_armcc.h</itemPath>
                <itemPath>../src/packs/CMSIS/CMSIS/Core/Include/cmsis_version.h</itemPath>
                <itemPath>../src/packs/CMSIS/CMSIS/Core/Include/cmsis_armclang.h</itemPath>
                <itemPath>../src/packs/CMSIS/CMSIS/Core/Include/core_cm0plus.h</itemPath>
                <itemPath>../src/packs/CMSIS/CMSIS/Core/Include/cmsis_compiler.h</itemPath>
                <itemPath>../src/packs/CMSIS/CMSIS/Core/Include/cmsis_armclang_ltm.h</itemPath>
                <itemPath>../src/packs/CMSIS/CMSIS/Core/Include/mpu_armv7.h</itemPath>
                <itemPath>../src/packs/CMSIS/CMSIS/Core/Include/cmsis_iccarm.h</itemPath>
                <itemPath>../src/packs/CMSIS/CMSIS/Core/Include/cachel1_armv7.h</itemPath>
              </logicalFolder>
            </logicalFolder>
          </logicalFolder>
        </logicalFolder>
      </logicalFolder>
    </logicalFolder>
    <logicalFolder displayName="Important Files" name="ExternalFiles" projectFiles="true">
      <itemPath>Makefile</itemPath>
      <itemPath>Irrigation_System.mc3</itemPath>
    </logicalFolder>
    <logicalFolder displayName="Linker Files" name="LinkerScript" projectFiles="true">
      <logicalFolder displayName="config" name="config" projectFiles="true">
        <logicalFolder displayName="default" name="default" projectFiles="true">
          <itemPath>../src/config/default/ATSAMD21G17D.ld</itemPath>
        </logicalFolder>
      </logicalFolder>
    </logicalFolder>
    <logicalFolder displayName="Source Files" name="SourceFiles" projectFiles="true">
      <logicalFolder displayName="config" name="config" projectFiles="true">
        <logicalFolder displayName="default" name="default" projectFiles="true">
          <logicalFolder displayName="peripheral" name="peripheral" projectFiles="true">
            <logicalFolder displayName="adc" name="adc" projectFiles="true">
              <itemPath>../src/config/default/peripheral/adc/plib_adc.c</itemPath>
            </logicalFolder>
            <logicalFolder displayName="clock" name="clock" projectFiles="true">
              <itemPath>../src/config/default/peripheral/clock/plib_clock.c</itemPath>
            </logicalFolder>
            <logicalFolder displayName="evsys" name="evsys" projectFiles="true">
              <itemPath>../src/config/default/peripheral/evsys/plib_evsys.c</itemPath>
            </logicalFolder>
            <logicalFolder displayName="nvic" name="nvic" projectFiles="true">
              <itemPath>../src/config/default/peripheral/nvic/plib_nvic.c</itemPath>
            </logicalFolder>
            <logicalFolder displayName="nvmctrl" name="nvmctrl" projectFiles="true">
              <itemPath>../src/config/default/peripheral/nvmctrl/plib_nvmctrl.c</itemPath>
            </logicalFolder>
            <logicalFolder displayName="port" name="port" projectFiles="true">
              <itemPath>../src/config/default/peripheral/port/plib_port.c</itemPath>
            </logicalFolder>
            <logicalFolder displayName="sercom" name="sercom" projectFiles="true">
              <logicalFolder displayName="usart" name="usart" projectFiles="true">
                <itemPath>../src/config/default/peripheral/sercom/usart/plib_sercom5_usart.c</itemPath>
              </logicalFolder>
            </logicalFolder>
            <logicalFolder displayName="tc" name="tc" projectFiles="true">
              <itemPath>../src/config/default/peripheral/tc/plib_tc4.c</itemPath>
              <itemPath>../src/config/default/peripheral/tc/plib_tc3.c</itemPath>
            </logicalFolder>
            <logicalFolder displayName="tcc" name="tcc" projectFiles="true">
              <itemPath>../src/config/default/peripheral/tcc/plib_tcc0.c</itemPath>
            </logicalFolder>
          </logicalFolder>
          <logicalFolder displayName="stdio" name="stdio" projectFiles="true">
            <itemPath>../src/config/default/stdio/xc32_monitor.c</itemPath>
          </logicalFolder>
          <itemPath>../src/config/default/startup_xc32.c</itemPath>
          <itemPath>../src/config/default/exceptions.c</itemPath>
          <itemPath>../src/config/default/libc_syscalls.c</itemPath>
          <itemPath>../src/config/default/initialization.c</itemPath>
          <itemPath>../src/config/default/interrupts.c</itemPath>
        </logicalFolder>
      </logicalFolder>
      <itemPath>../src/config/default/pin_configurations.csv</itemPath>
      <itemPath>../src/main.c</itemPath>
    </logicalFolder>
  </logicalFolder>
  <projectmakefile>Makefile</projectmakefile>
  <confs>
    <conf name="default" type="2">
      <toolsSet>
        <developmentServer>localhost</developmentServer>
        <targetDevice>ATSAMD21G17D</targetDevice>
        <targetHeader/>
        <targetPluginBoard/>
        <platformTool>nEdbgTool</platformTool>
        <languageToolchain>XC32</languageToolchain>
        <languageToolchainVersion>4.40</languageToolchainVersion>
        <platform>3</platform>
      </toolsSet>
      <packs>
        <pack name="SAMD21_DFP" vendor="Microchip" version="3.6.144"/>
        <pack name="CMSIS" vendor="ARM" version="5.8.0"/>
      </packs>
      <ScriptingSettings>
      </ScriptingSettings>
      <compileType>
        <linkerTool>
          <linkerLibItems>
          </linkerLibItems>
        </linkerTool>
        <archiverTool>
        </archiverTool>
        <loading>
          <useAlternateLoadableFile>false</useAlternateLoadableFile>
          <parseOnProdLoad>false</parseOnProdLoad>
          <alternateLoadableFile/>
        </loading>
        <subordinates>
        </subordinates>
      </compileType>
      <makeCustomizationType>
        <makeCustomizationPreStepEnabled>false</makeCustomizationPreStepEnabled>
        <makeUseCleanTarget>false</makeUseCleanTarget>
        <makeCustomizationPreStep/>
        <makeCustomizationPostStepEnabled>false</makeCustomizationPostStepEnabled>
        <makeCustomizationPostStep/>
        <makeCustomizationPutChecksumInUserID>false</makeCustomizationPutChecksumInUserID>
        <makeCustomizationEnableLongLines>false</makeCustomizationEnableLongLines>
        <makeCustomizationNormalizeHexFile>false</makeCustomizationNormalizeHexFile>
      </makeCustomizationType>
      <C32>
        <property key="additional-warnings" value="true"/>
        <property key="addresss-attribute-use" value="false"/>
        <property key="appendMe" value=""/>
        <property key="enable-app-io" value="false"/>
        <property key="enable-omit-frame-pointer" value="false"/>
        <property key="enable-symbols" value="true"/>
        <property key="enable-unroll-loops" value="false"/>
        <property key="exclude-floating-point" value="false"/>
        <property key="extra-include-directories" value="../src;../src/config/default;../src/packs/ATSAMD21G17D_DFP;../src/packs/CMSIS/;../src/packs/CMSIS/CMSIS/Core/Include"/>
        <property key="generate-16-bit-code" value="false"/>
        <property key="generate-micro-compressed-code" value="false"/>
        <property key="isolate-each-function" value="true"/>
        <property key="make-warnings-into-errors" value="false"/>
        <property key="optimization-level" value="-O1"/>
        <property key="place-data-into-section" value="true"/>
        <property key="post-instruction-scheduling" value="default"/>
        <property key="pre-instruction-scheduling" value="default"/>
        <property key="preprocessor-macros" value=""/>
        <property key="strict-ansi" value="false"/>
        <property key="support-ansi" value="false"/>
        <property key="tentative-definitions" value="-fno-common"/>
        <property key="toplevel-reordering" value=""/>
        <property key="unaligned-access" value=""/>
        <property key="use-cci" value="false"/>
        <property key="use-iar" value="false"/>
        <property key="use-indirect-calls" value="false"/>
      </C32>
      <C32-AR>
        <property key="additional-options-chop-files" value="false"/>
      </C32-AR>
      <C32-AS>
        <property key="assembler-symbols" value=""/>
        <property key="enable-symbols" value="true"/>
        <property key="exclude-floating-point-library" value="false"/>
        <property key="expand-macros" value="false"/>
        <property key="extra-include-directories-for-assembler" value=""/>
        <property key="extra-include-directories-for-preprocessor" value=""/>
        <property key="false-conditionals" value="false"/>
        <property key="generate-16-bit-code" value="false"/>
        <property key="generate-micro-compressed-code" value="false"/>
        <property key="keep-locals" value="false"/>
        <property key="list-assembly" value="false"/>
        <property key="list-source" value="false"/>
        <property key="list-symbols" value="false"/>
        <property key="oXC32asm-list-to-file" value="false"/>
        <property key="omit-debug-dirs" value="false"/>
        <property key="omit-forms" value="false"/>
        <property key="preprocessor-macros" value=""/>
        <property key="warning-level" value=""/>
      </C32-AS>
      <C32-CO>
        <property key="coverage-enable" value=""/>
        <property key="stack-guidance" value="false"/>
      </C32-CO>
      <C32-LD>
        <property key="additional-options-use-response-files" value="false"/>
        <property key="additional-options-write-sla" value="false"/>
        <property key="allocate-dinit" value="false"/>
        <property key="appendMe" value=""/>
        <property key="code-dinit" value="false"/>
        <property key="ebase-addr" value=""/>
        <property key="enable-check-sections" value="false"/>
        <property key="exclude-floating-point-library" value="false"/>
        <property key="exclude-standard-libraries" value="false"/>
        <property key="extra-lib-directories" value=""/>
        <property key="fill-flash-options-addr" value=""/>
        <property key="fill-flash-options-const" value=""/>
        <property key="fill-flash-options-how" value="0"/>
        <property key="fill-flash-options-inc-const" value="1"/>
        <property key="fill-flash-options-increment" value=""/>
        <property key="fill-flash-options-seq" value=""/>
        <property key="fill-flash-options-what" value="0"/>
        <property key="generate-16-bit-code" value="false"/>
        <property key="generate-cross-reference-file" value="false"/>
        <property key="generate-micro-compressed-code" value="false"/>
        <property key="heap-size" value="512"/>
        <property key="input-libraries" value=""/>
        <property key="kseg-length" value=""/>
        <property key="kseg-origin" value=""/>
        <property key="linker-symbols" value=""/>
        <property key="map-file" value="${DISTDIR}/${PROJECTNAME}.${IMAGE_TYPE}.map"/>
        <property key="no-device-startup-code" value="true"/>
        <property key="no-startup-files" value="false"/>
        <property key="oXC32ld-extra-opts" value=""/>
        <property key="optimization-level" value=""/>
        <property key="preprocessor-macros" value=""/>
        <property key="remove-unused-sections" value="true"/>
        <property key="report-memory-usage" value="false"/>
        <property key="serial-length" value=""/>
        <property key="serial-origin" value=""/>
        <property key="stack-size" value=""/>
        <property key="symbol-stripping" value=""/>
        <property key="trace-symbols" value=""/>
        <property key="warn-section-align" value="false"/>
      </C32-LD>
      <C32CPP>
        <property key="additional-warnings" value="false"/>
        <property key="addresss-attribute-use" value="false"/>
        <property key="appendMe" value=""/>
        <property key="check-new" value="false"/>
        <property key="eh-specs" value="true"/>
        <property key="enable-app-io" value="false"/>
        <property key="enable-omit-frame-pointer" value="false"/>
        <property key="enable-symbols" value="true"/>
        <property key="enable-unroll-loops" value="false"/>
        <property key="exceptions" value="true"/>
        <property key="exclude-floating-point" value="false"/>
        <property key="extra-include-directories" value="../src;../src/config/default;../src/packs/ATSAMD21G17D_DFP;../src/packs/CMSIS/;../src/packs/CMSIS/CMSIS/Core/Include"/>
        <property key="generate-16-bit-code" value="false"/>
        <property key="generate-micro-compressed-code" value="false"/>
        <property key="isolate-each-function" value="true"/>
        <property key="make-warnings-into-errors" value="false"/>
        <property key="optimization-level" value="-O1"/>
        <property key="place-data-into-section" value="false"/>
        <property key="post-instruction-scheduling" value="default"/>
        <property key="pre-instruction-scheduling" value="default"/>
        <property key="preprocessor-macros" value=""/>
        <property key="rtti" value="true"/>
        <property key="strict-ansi" value="false"/>
        <property key="toplevel-reordering" value=""/>
        <property key="unaligned-access" value=""/>
        <property key="use-cci" value="false"/>
        <property key="use-iar" value="false"/>
        <property key="use-indirect-calls" value="false"/>
      </C32CPP>
      <C32Global>
        <property key="common-include-directories" value=""/>
        <property key="gp-relative-option" value=""/>
        <property key="legacy-libc" value="false"/>
        <property key="mdtcm" value=""/>
        <property key="mitcm" value=""/>
        <property key="mstacktcm" value="false"/>
        <property key="omit-pack-options" value="1"/>
        <property key="relaxed-math" value="false"/>
        <property key="save-temps" value="false"/>
        <property key="stack-smashing" value=""/>
        <property key="wpo-lto" value="false"/>
      </C32Global>
      <Tool>
        <property key="AutoSelectMemRanges" value="auto"/>
        <property key="arm.use_vtor" value="false"/>
        <property key="arm.vtor_adr" value="exception_table"/>
        <property key="communication.activationmode" value="nohv"/>
        <property key="communication.interface" value="swd"/>
        <property key="communication.speed" value="2.000"/>
        <property key="debugoptions.debug-startup" value="Use system settings"/>
        <property key="debugoptions.reset-behaviour" value="Use system settings"/>
        <property key="debugoptions.useswbreakpoints" value="false"/>
        <property key="event.recorder.debugger.behavior" value="Running"/>
        <property key="event.recorder.enabled" value="false"/>
        <property key="event.recorder.scvd.files" value=""/>
        <property key="firmware.path" value="Press to browse for a specific firmware version"/>
        <property key="firmware.toolpack" value="Press to select which tool pack to use"/>
        <property key="firmware.update.action" value="firmware.update.use.latest"/>
        <property key="freeze.timers" value="false"/>
        <property key="lastid" value=""/>
        <property key="loader.board_file" value="${ProjectDir}/board.xboard"/>
        <property key="memories.aux" value="false"/>
        <property key="memories.bootflash" value="true"/>
        <property key="memories.configurationmemory" value="true"/>
        <property key="memories.configurationmemory2" value="true"/>
        <property key="memories.dataflash" value="true"/>
        <property key="memories.eeprom" value="true"/>
        <property key="memories.exclude.configurationmemory" value="true"/>
        <property key="memories.flashdata" value="true"/>
        <property key="memories.id" value="true"/>
        <property key="memories.instruction.ram.ranges" value="${memories.instruction.ram.ranges}"/>
        <property key="memories.programmemory" value="true"/>
        <property key="memories.programmemory.ranges" value="0-1ffff"/>
        <property key="poweroptions.powerenable" value="false"/>
        <property key="programmerToGoFilePath" value="C:/Projects/Irrigation_System.X/debug/default/Irrigation_System_ptg"/>
        <property key="programoptions.eraseb4program" value="true"/>
        <property key="programoptions.preservedataflash" value="false"/>
        <property key="programoptions.preservedataflash.ranges" value="${memories.dataflash.default}"/>
        <property key="programoptions.preserveeeprom" value="false"/>
        <property key="programoptions.preserveeeprom.ranges" value=""/>
        <property key="programoptions.preserveprogram.ranges" value=""/>
        <property key="programoptions.preserveprogramrange" value="false"/>
        <property key="programoptions.preserveuserid" value="false"/>
        <property key="programoptions.programuserotp" value="false"/>
        <property key="script.has_reset" value="true"/>
        <property key="script.log_level" value="1"/>
        <property key="script.reset_delay" value="0"/>
        <property key="script.show_output" value="false"/>
        <property key="toolpack.updateoptions" value="toolpack.updateoptions.uselatestoolpack"/>
        <property key="toolpack.updateoptions.packversion" value="Press to select which tool pack to use"/>
        <property key="voltagevalue" value=""/>
        <property key="x.erase.clearprot" value="true"/>
      </Tool>
      <nEdbgTool>
        <property key="AutoSelectMemRanges" value="auto"/>
        <property key="arm.use_vtor" value="false"/>
        <property key="arm.vtor_adr" value="exception_table"/>
        <property key="communication.activationmode" value="nohv"/>
        <property key="communication.interface" value="swd"/>
        <property key="communication.speed" value="2.000"/>
        <property key="debugoptions.debug-startup" value="Use system settings"/>
        <property key="debugoptions.reset-behaviour" value="Use system settings"/>
        <property key="debugoptions.useswbreakpoints" value="false"/>
        <property key="event.recorder.debugger.behavior" value="Running"/>
        <property key="event.recorder.enabled" value="false"/>
        <property key="event.recorder.scvd.files" value=""/>
        <property key="firmware.path" value="Press to browse for a specific firmware version"/>
        <property key="firmware.toolpack" value="Press to select which tool pack to use"/>
        <property key="firmware.update.action" value="firmware.update.use.latest"/>
        <property key="freeze.timers" value="false"/>
        <property key="lastid" value=""/>
        <property key="loader.board_file" value="${ProjectDir}/board.xboard"/>
        <property key="memories.aux" value="false"/>
        <property key="memories.bootflash" value="true"/>
        <property key="memories.configurationmemory" value="true"/>
        <property key="memories.configurationmemory2" value="true"/>
        <property key="memories.dataflash" value="true"/>
        <property key="memories.eeprom" value="true"/>
        <property key="memories.exclude.configurationmemory" value="true"/>
        <property key="memories.flashdata" value="true"/>
        <property key="memories.id" value="true"/>
        <property key="memories.instruction.ram.ranges" value="${memories.instruction.ram.ranges}"/>
        <property key="memories.programmemory" value="true"/>
        <property key="memories.programmemory.ranges" value="0-1ffff"/>
        <property key="poweroptions.powerenable" value="false"/>
        <property key="programmerToGoFilePath" value="C:/Projects/Irrigation_System.X/debug/default/Irrigation_System_ptg"/>
        <property key="programoptions.eraseb4program" value="true"/>
        <property key="programoptions.preservedataflash" value="false"/>
        <property key="programoptions.preservedataflash.ranges" value="${memories.dataflash.default}"/>
        <property key="programoptions.preserveeeprom" value="false"/>
        <property key="programoptions.preserveeeprom.ranges" value=""/>
        <property key="programoptions.preserveprogram.ranges" value=""/>
        <property key="programoptions.preserveprogramrange" value="false"/>
        <property key="programoptions.preserveuserid" value="false"/>
        <property key="programoptions.programuserotp" value="false"/>
        <property key="script.has_reset" value="true"/>
        <property key="script.log_level" value="1"/>
        <property key="script.reset_delay" value="0"/>
        <property key="script.show_output" value="false"/>
        <property key="toolpack.updateoptions" value="toolpack.updateoptions.uselatestoolpack"/>
        <property key="toolpack.updateoptions.packversion" value="Press to select which tool pack to use"/>
        <property key="voltagevalue" value=""/>
        <property key="x.erase.clearprot" value="true"/>
      </nEdbgTool>
    </conf>
  </confs>
</configurationDescriptor>